metric,scope,value,reason,n,provenance
completion_time_ms,G1,6595,,22,campaign-d8e9e1ce-ab47-47eb-ba5c-565567b1ac60:0 -> Q-bc0fed07-5d6d-4e55-b7ec-de37a77dbe31 | campaign-c12cba6c-be1a-41b3-b2c5-8ae6d0ec04b2:0 -> Q-8c8f9109-d447-4fb6-af68-745ab5e74f45 | campaign-a2dda3f7-b0c4-49ee-987a-ae60a976d8ae:0 -> Q-4bac3d54-74d1-4834-a9ca-2a10cc597e6f | campaign-1e9348a2-c4ae-4180-8937-dbc38d0663f4:0 -> Q-fd39db10-dac7-4f0c-925e-ad6aaa648737 | campaign-6d0cacfe-d1fe-4599-a1de-79ad49b3cdb4:0 -> Q-e50911c7-af66-4cc3-bcb9-7adae09d5d82 | campaign-ecbe335b-9be0-42df-908e-37ab34840c89:0 -> Q-a115f20d-b389-4255-ac83-40f60c85d8b9 | campaign-706ea45d-dcda-45e7-9af1-336059876fb0:0 -> Q-7233d1f9-82a7-4646-b8ae-b8ca3d07dca0 | campaign-528b7ca1-5e97-4471-8ab5-c1e8f990fead:0 -> Q-89d61a16-1b7c-4d56-9b20-a42eaa5267ae | campaign-481a1761-1b5d-440d-a5a0-1743599b512a:0 -> Q-c2681877-d9a7-43b7-a127-1ead05e6edcb | campaign-cdf39b7f-f6ff-4ddf-b611-4139f64c57d5:0 -> Q-bb06cb49-8cf4-498a-999b-77dd399a3a33 | campaign-bad9f272-c7e6-4b0e-aa39-7752cf47a76f:0 -> Q-474aca57-43cf-4231-a279-d85911cd2d56 | campaign-4a1919b0-d99e-4085-ac50-4600bef555b1:0 -> Q-422d18b5-45ed-40f5-81eb-e1cd95b4890d | campaign-9d21757d-58e2-4732-bc52-454c59d5706b:0 -> Q-d949237e-7480-4aa7-8a53-0688b631f0e8 | campaign-966cf439-7017-4bb0-88e8-981e59c18322:0 -> Q-be723362-5e83-4806-8d24-ffd0a60a16b2 | campaign-966cf439-7017-4bb0-88e8-981e59c18322:1 -> Q-f78eaee3-2380-468e-969d-6012fba109b9 | campaign-966cf439-7017-4bb0-88e8-981e59c18322:2 -> Q-697aab2c-da4a-4e8b-9918-ab2174e47593 | campaign-b0ebb3af-bf86-451a-b508-1aa9e115c8d7:1 -> Q-ca4845d5-2d09-4891-ab75-c457684af601 | campaign-b0ebb3af-bf86-451a-b508-1aa9e115c8d7:2 -> Q-42a1739a-77d4-477d-ab32-0d0b29309cb9 | campaign-b0ebb3af-bf86-451a-b508-1aa9e115c8d7:3 -> Q-28cc5ab0-45c6-4276-a687-28793925c601 | campaign-96b56dc0-c90c-454c-8088-1118143806d8:1 -> Q-c02df58e-dbe5-420a-9ace-1b82db7a7461 | campaign-96b56dc0-c90c-454c-8088-1118143806d8:2 -> Q-d13e8a5e-32aa-4b93-86cf-c814c37ea188 | campaign-96b56dc0-c90c-454c-8088-1118143806d8:3 -> Q-cfd222fb-2bf3-49d8-97a1-dc2a29490d7e
failure_rate,G1,0,,24,"accounted=24 failed=0 timedOut=0 over terminal campaigns: campaign-d8e9e1ce-ab47-47eb-ba5c-565567b1ac60, campaign-c12cba6c-be1a-41b3-b2c5-8ae6d0ec04b2, campaign-a2dda3f7-b0c4-49ee-987a-ae60a976d8ae, campaign-1e9348a2-c4ae-4180-8937-dbc38d0663f4, campaign-6d0cacfe-d1fe-4599-a1de-79ad49b3cdb4, campaign-ecbe335b-9be0-42df-908e-37ab34840c89, campaign-706ea45d-dcda-45e7-9af1-336059876fb0, campaign-528b7ca1-5e97-4471-8ab5-c1e8f990fead, campaign-481a1761-1b5d-440d-a5a0-1743599b512a, campaign-cdf39b7f-f6ff-4ddf-b611-4139f64c57d5, campaign-bad9f272-c7e6-4b0e-aa39-7752cf47a76f, campaign-4a1919b0-d99e-4085-ac50-4600bef555b1, campaign-9d21757d-58e2-4732-bc52-454c59d5706b, campaign-966cf439-7017-4bb0-88e8-981e59c18322, campaign-97669c54-1a4f-48eb-bc56-d599da333101, campaign-f2702036-e916-455e-a708-893375d8cb5f, campaign-b0ebb3af-bf86-451a-b508-1aa9e115c8d7, campaign-96b56dc0-c90c-454c-8088-1118143806d8 | undelivered planned runs=8 from campaign-97669c54-1a4f-48eb-bc56-d599da333101(TOPOLOGY_NOT_READY), campaign-f2702036-e916-455e-a708-893375d8cb5f(TOPOLOGY_NOT_READY)"
duplicate_execution_count,G1,0,,24,"24 run references, each owned by exactly one canonical task"
convergence_missing_event_count,G2,0,,22,22 measured runs all resolved to a canonical task in the export
retry_count,G2,NOT_MEASURED,campaign repetitions are not retries and no retry event is recorded in these sources; counting repetitions here would inflate an autonomy number,,
recovery_time_ms,G1,NOT_MEASURED,no fault or recovery receipt is present in the provided sources,,
handoff_time_ms,G1,NOT_MEASURED,"no handoff transition between workers appears in these sources; placements were seed-selected, not handed off",,
intervention_count,G3,NOT_MEASURED,"Owner actions are not represented in the canonical City records, so no complete intervention window can be claimed; the guard forbids reporting 0 for an unknown window",,
transitions_before_intervention,G3,NOT_MEASURED,"requires Owner actions, which these sources do not carry",,
time_to_first_intervention_ms,G3,NOT_MEASURED,"requires a first Owner action, which these sources do not carry",,
steps_to_first_intervention,G3,NOT_MEASURED,"requires a first Owner action, which these sources do not carry",,
intervention_free_survival,G3,NOT_MEASURED,"no censored intervention episodes exist in these sources; the guard says export raw episodes rather than draw a curve, and there are none to export",,
intervention_cause_taxonomy,G3,NOT_MEASURED,requires Owner actions with stated causes,,
task_pool_drain_before_intervention,G3,NOT_MEASURED,requires Owner actions alongside the task pool,,
high_value_owner_decision_count,G3,NOT_MEASURED,requires Owner decisions with a stated value,,
avoidable_technical_escalation_count,G3,NOT_MEASURED,requires escalations classified as avoidable,,
repeat_clarification_count,G3,NOT_MEASURED,requires clarification episodes,,
escalation_to_autonomy_resumed_ms,G3,NOT_MEASURED,requires escalation episodes with a resume time,,
batchable_escalation_count,G3,NOT_MEASURED,"requires escalation bursts, which these sources do not carry",,
control_plane_mismatch_count,G4,NOT_MEASURED,requires control-plane records reconciled against observed reality; this exporter was given city records only,,
control_plane_reconciliation_time_ms,G4,NOT_MEASURED,"requires reconciliation episodes, which are not City records",,
exposure_lag_ms,G4,NOT_MEASURED,requires implementation/wiring/reachability/intent timestamps; the trace records in these sources carry null provenance fields,,
intent_lag_ms,G4,NOT_MEASURED,"requires the same transition timestamps, which are absent",,
registry_localization_cost,G4,NOT_MEASURED,requires registry-assisted localization episodes,,
rule_activation_conflict_falseblock_retirement,G4,NOT_MEASURED,"requires rule lifecycle observations, which are not City records",,
textually_clean_semantic_failure_count,G4,NOT_MEASURED,"requires integration episodes; these are programme records rather than City campaign data, and v1 of this exporter is deliberately campaign-scoped",,
independently_green_integrated_failure_count,G4,NOT_MEASURED,same integration-episode source as above,,
